,X,Y,Floors,Area,Type
',1391907.4361035007,5141000.008226883,,1.8968694999958083e-08,church
